{
  "marketing_stripe": {
    "text": "N&D Presentes Personalizados",
    "link": ""
  },
  "contacts_stripe": {
    "pages": [
      {
        "title": "",
        "link": ""
      },
      {
        "title": "Na N&D você não fica sem presente!",
        "link": "Prontos para te ajudar"
      }
    ],
    "phone_wpp": true,
    "socials": true
  },
  "categories_list": {
    "featured": [],
    "random": 6,
    "full_width": false
  },
  "centralized_logo": false,
  "desktop_megamenu": false,
  "search_input": true,
  "alphabetical_order_submenu": false,
  "full_width_submenu": false
}