{
  "meta_title": "",
  "meta_description": "",
  "sections": [
    {
      "type": "banner-slider",
      "autoplay": 9000,
      "full_width": false,
      "slides": [
        {
          "img": "/img/uploads/whatsapp-image-2022-01-25-at-12.18.52.jpeg",
          "link": "/headset",
          "alt": "Headset banner",
          "start": "2020-04-11T05:54:06.750Z",
          "end": "2020-12-31T03:00:00.000Z",
          "mobile_img": "/img/uploads/whatsapp-image-2022-02-24-at-14.50.19-1-.jpeg"
        },
        {
          "start": "",
          "end": "",
          "img": "/img/uploads/14-anos.png",
          "alt": "Banner sample two",
          "mobile_img": "/img/uploads/14-anos.png"
        }
      ]
    },
    {
      "type": "info-bar",
      "enabled": true
    },
    {
      "type": "collection-shelf",
      "shuffle": true,
      "collection_id": null,
      "sort": "offers",
      "title": "",
      "headless": false,
      "limit": 12,
      "page": 1
    },
    {
      "type": "page-title",
      "title": "Seu presente é aqui!",
      "description": "Surpreenda quem você ama."
    }
  ]
}